"Variable","Importance"
"dose",0.103583739291972
"ITGAM",0.0994393987426648
"day",0.08169204053087
"PIK3CG",0.0769659302386054
"NCF2",0.0469879574094434
"SP100",0.0466885545905366
"KMT2A",0.0420198991584475
"SP3",0.0412489138105004
"BMX",0.0403281113699703
"CD3G",0.0384630553971954
