genes,importance
NCF2,0.023669631217224072
GZMM,0.021680285714772485
GPR89B,0.020219719016246685
ITGAM,0.01924370648247878
STXBP4,0.017799381039554526
SARM1,0.01258521577905382
