"Variable","Importance"
"GZMM",0.0235205211211753
"SP100",0.0222786057240787
"ACTG1",0.0185787853779326
"FKBP1A",0.0184926378822095
"ASXL1",0.0183073268148757
"ANKHD1",0.018151439855064
"ADAM17",0.0179947635372114
"SP3",0.0178075004550686
"KMT2A",0.017316854803719
"STAT5B",0.017218358722669
